_id,createdAt,createdBy,slug,title,updatedAt,updatedBy
60efb9623fce205d44b73f75,"7/15/2021, 12:28:17 PM",,electric-systems-questions,Electric Systems Questions,"11/4/2021, 1:43:41 PM",Alejandro Nieto
60efb9623fce205d44b73f74,"7/15/2021, 12:28:17 PM",,collets-questions,Collets Questions,"7/15/2021, 12:28:17 PM",
60f0c41e776c747ae8fbfa7a,"7/16/2021, 7:26:20 AM",,ergonomic,Ergonomic,"7/16/2021, 7:26:20 AM",
60f0c41e776c747ae8fbfa76,"7/16/2021, 7:26:20 AM",,controllers,Controllers,"9/9/2021, 5:11:45 PM",
60f0c41e776c747ae8fbfa77,"7/16/2021, 7:26:20 AM",,deburring,Deburring,"7/16/2021, 7:26:20 AM",
60f0c41e776c747ae8fbfa78,"7/16/2021, 7:26:20 AM",,grinding,Grinding,"7/16/2021, 7:26:20 AM",
60f0c41e776c747ae8fbfa75,"7/16/2021, 7:26:20 AM",,electric,Electric,"7/16/2021, 7:26:20 AM",
60f0c41e776c747ae8fbfa79,"7/16/2021, 7:26:20 AM",,polishing,Polishing,"7/16/2021, 7:26:20 AM",
6143dec50f85cda62471d1c4,"9/17/2021, 8:18:09 AM",Tannie Admin 1 Test,electric-hand-grinder,Electric Hand Grinder,"9/17/2021, 8:18:09 AM",Tannie Admin 1 Test
6143defe56bc6df1cbd19a54,"9/17/2021, 8:19:06 AM",Tannie Admin 1 Test,pneumatic-hand-grinder,Pneumatic Hand Grinder,"9/17/2021, 8:19:06 AM",Tannie Admin 1 Test
6143e10b806e93cc5d240092,"9/17/2021, 8:27:51 AM",Tannie Admin 1 Test,electric,electric,"9/17/2021, 8:27:51 AM",Tannie Admin 1 Test
6149d51d5a2a1cddcecbe456,"9/21/2021, 8:50:36 PM",Tannie owner 01 Test,air-line-kit-questions,Air Line Kit Questions,"9/21/2021, 8:50:36 PM",Tannie owner 01 Test
6149d51d5a2a1cddcecbe455,"9/21/2021, 8:50:36 PM",Tannie owner 01 Test,general-questions,General Questions,"9/21/2021, 8:50:36 PM",Tannie owner 01 Test
6171cfbf5b7124dd8ec0cc63,"10/22/2021, 4:38:22 AM",Tannie Admin 02 Test,micromechanics,Micromechanics,"10/22/2021, 4:38:22 AM",Tannie Admin 02 Test
6171cfbf5b7124dd8ec0cc64,"10/22/2021, 4:38:22 AM",Tannie Admin 02 Test,electronics,Electronics,"10/22/2021, 4:38:22 AM",Tannie Admin 02 Test
6171cfbf5b7124dd8ec0cc68,"10/22/2021, 4:38:22 AM",Tannie Admin 02 Test,aluminum,Aluminum,"10/22/2021, 4:38:22 AM",Tannie Admin 02 Test
6171cfbf5b7124dd8ec0cc65,"10/22/2021, 4:38:22 AM",Tannie Admin 02 Test,drilling,Drilling,"10/22/2021, 4:38:22 AM",Tannie Admin 02 Test
6171cfbf5b7124dd8ec0cc6a,"10/22/2021, 4:38:22 AM",Tannie Admin 02 Test,steel,Steel,"10/22/2021, 4:38:22 AM",Tannie Admin 02 Test
6171cfbf5b7124dd8ec0cc62,"10/22/2021, 4:38:22 AM",Tannie Admin 02 Test,automotive,Automotive,"10/22/2021, 4:38:22 AM",Tannie Admin 02 Test
6171cfbf5b7124dd8ec0cc66,"10/22/2021, 4:38:22 AM",Tannie Admin 02 Test,milling,Milling,"10/22/2021, 4:38:22 AM",Tannie Admin 02 Test
6171cfbf5b7124dd8ec0cc67,"10/22/2021, 4:38:22 AM",Tannie Admin 02 Test,thread-milling,Thread Milling,"10/22/2021, 4:38:22 AM",Tannie Admin 02 Test
6171cfbf5b7124dd8ec0cc69,"10/22/2021, 4:38:22 AM",Tannie Admin 02 Test,brass-copper,Brass / Copper,"10/22/2021, 4:38:22 AM",Tannie Admin 02 Test
618b06872151e9f89e74f3a5,"10/11/2021, 7:38:42 am",NSK Admin,casting-iron,Casting Iron,"10/11/2021, 7:38:42 am",NSK Admin
618b06872151e9f89e74f3a6,"10/11/2021, 7:38:42 am",NSK Admin,stainless,Stainless,"10/11/2021, 7:38:42 am",NSK Admin
618b06872151e9f89e74f3a7,"10/11/2021, 7:38:42 am",NSK Admin,titanium,Titanium,"10/11/2021, 7:38:42 am",NSK Admin
618b06872151e9f89e74f3a8,"10/11/2021, 7:38:42 am",NSK Admin,pcb,PCB,"10/11/2021, 7:38:42 am",NSK Admin
618b585b27e581af1056a743,"11/10/2021, 1:27:57 PM",NSK Admin,medical,Medical,"11/10/2021, 1:27:57 PM",NSK Admin
618b58c527e581af1056d146,"11/10/2021, 1:29:43 PM",NSK Admin,aerospace,Aerospace,"11/10/2021, 1:29:43 PM",NSK Admin
618b5da4ced82fc239a08467,"11/10/2021, 1:50:30 PM",NSK Admin,die-mold,Die / Mold,"11/10/2021, 1:50:30 PM",NSK Admin
61a5a1393f150d2af4f2b16b,"7/15/2021, 12:28:17 PM",,attachments,Attachments,"11/29/2021, 1:43:41 PM",Kevin Osburn